{
    "detection": {
        "avg_ms": 0.4634700000679004,
        "min_ms": 0.2629000009619631,
        "max_ms": 1.0521000003791414,
        "stddev_ms": 0.19977229688515202
    },
    "event": {
        "avg_ms": 0.03286000028310809,
        "min_ms": 0.01889999839477241,
        "max_ms": 0.06569999823113903,
        "stddev_ms": 0.012614169001811969
    },
    "decision": {
        "avg_ms": 0.03537500015227124,
        "min_ms": 0.018200000340584666,
        "max_ms": 0.09390000195708126,
        "stddev_ms": 0.01779076917386058
    },
    "evidence": {
        "avg_ms": 2.0109799992496846,
        "min_ms": 0.9904999969876371,
        "max_ms": 3.4488999990571756,
        "stddev_ms": 0.7372585542204175
    },
    "report": {
        "avg_ms": 0.0870449997819378,
        "min_ms": 0.04229999831295572,
        "max_ms": 0.28050000037183054,
        "stddev_ms": 0.05320986753410577
    },
    "alert": {
        "avg_ms": 0.026079999770445284,
        "min_ms": 0.014999997802078724,
        "max_ms": 0.048999998398358,
        "stddev_ms": 0.010916023831945253
    },
    "pipeline_total": {
        "avg_ms": 2.6588300002913456,
        "min_ms": 1.3789999975415412,
        "max_ms": 4.506100001890445,
        "stddev_ms": 0.9129211318616111
    }
}